{"Barock/Aufkl\u00e4rung": {"scores": {"ari": 0.3565276312756282, "vm": 0.42154768840799944}}, "Barock/Klassik": {"scores": {"ari": 0.3848735313192863, "vm": 0.48176405900663233}}, "Barock/Romantik": {"scores": {"ari": 0.46560749041580657, "vm": 0.530876489009674}}, "Barock/Biedermeier": {"scores": {"ari": 0.4135417913362267, "vm": 0.4611070853428372}}, "Barock/Realismus": {"scores": {"ari": 0.4242153892358382, "vm": 0.49833666084427314}}, "Barock/Naturalismus": {"scores": {"ari": 0.3965550797975866, "vm": 0.48082793599131607}}, "Barock/Expressionismus": {"scores": {"ari": 0.3592319121838802, "vm": 0.3911317967389228}}, "Aufkl\u00e4rung/Klassik": {"scores": {"ari": 0.12336635216086972, "vm": 0.12747712728254915}}, "Aufkl\u00e4rung/Romantik": {"scores": {"ari": 0.1262744601355202, "vm": 0.13222541051329303}}, "Aufkl\u00e4rung/Biedermeier": {"scores": {"ari": 0.10767919639907059, "vm": 0.2183173973644447}}, "Aufkl\u00e4rung/Realismus": {"scores": {"ari": 0.11750001558438326, "vm": 0.060215859684596876}}, "Aufkl\u00e4rung/Naturalismus": {"scores": {"ari": 0.18836061099762652, "vm": 0.33587678453499675}}, "Aufkl\u00e4rung/Expressionismus": {"scores": {"ari": 0.18509392300553612, "vm": 0.33342354242889616}}, "Klassik/Realismus": {"scores": {"ari": 0.10318395427890406, "vm": 0.07111930136093648}}, "Klassik/Naturalismus": {"scores": {"ari": 0.1299862448418157, "vm": 0.12334944577879234}}, "Klassik/Expressionismus": {"scores": {"ari": 0.33932413618529295, "vm": 0.30170745196148857}}, "Romantik/Biedermeier": {"scores": {"ari": 0.05873515349342517, "vm": 0.09531163103332899}}, "Romantik/Realismus": {"scores": {"ari": 0.05610856009943807, "vm": 0.04791598594732532}}, "Romantik/Naturalismus": {"scores": {"ari": 0.08548387096774199, "vm": 0.07797294037533378}}, "Romantik/Expressionismus": {"scores": {"ari": 0.31084337349397584, "vm": 0.3118180455842009}}, "Biedermeier/Realismus": {"scores": {"ari": 0.00303871052979262, "vm": 0.00862474392552294}}, "Biedermeier/Naturalismus": {"scores": {"ari": 0.05020178863098685, "vm": 0.10850610983923568}}, "Biedermeier/Expressionismus": {"scores": {"ari": 0.1724681465913569, "vm": 0.12069442349844849}}, "Realismus/Expressionismus": {"scores": {"ari": 0.053254437869822424, "vm": 0.07697864745110962}}, "Naturalismus/Expressionismus": {"scores": {"ari": 0.06347125097125099, "vm": 0.06752373512546157}}}