{"Fr\u00fchbarock/Hochbarock": {"scores": {"ari": 0.4357885915210698, "vm": 0.44490022201240115}}, "Fr\u00fchbarock/Aufkl\u00e4rung": {"scores": {"ari": 0.7967280120513658, "vm": 0.7047540331079403}}, "Fr\u00fchbarock/Klassik": {"scores": {"ari": 0.701204123634535, "vm": 0.7101468419747815}}, "Fr\u00fchbarock/Romantik": {"scores": {"ari": 0.8823473337019313, "vm": 0.8330231394031923}}, "Fr\u00fchbarock/Biedermeier": {"scores": {"ari": 0.8916662148240525, "vm": 0.8401020800504398}}, "Fr\u00fchbarock/Realismus": {"scores": {"ari": 0.6320194057004246, "vm": 0.5866192568975545}}, "Fr\u00fchbarock/Naturalismus": {"scores": {"ari": 0.8666025146192646, "vm": 0.820488893741034}}, "Fr\u00fchbarock/Expressionismus": {"scores": {"ari": 0.714828897338403, "vm": 0.6876915404899598}}, "Hochbarock/Aufkl\u00e4rung": {"scores": {"ari": 0.4681956048464338, "vm": 0.3763458097769154}}, "Hochbarock/Klassik": {"scores": {"ari": 0.7075442531722174, "vm": 0.6512179706896728}}, "Hochbarock/Romantik": {"scores": {"ari": 0.6528566359119944, "vm": 0.5963268668171515}}, "Hochbarock/Biedermeier": {"scores": {"ari": 0.6384761575673809, "vm": 0.5892395260940649}}, "Hochbarock/Realismus": {"scores": {"ari": 0.348878742618411, "vm": 0.4087621397704666}}, "Hochbarock/Naturalismus": {"scores": {"ari": 0.6575474066877, "vm": 0.546889791144226}}, "Hochbarock/Expressionismus": {"scores": {"ari": 0.6604282078155412, "vm": 0.5782088804342201}}, "Aufkl\u00e4rung/Klassik": {"scores": {"ari": 0.12336635216086972, "vm": 0.12747712728254915}}, "Aufkl\u00e4rung/Romantik": {"scores": {"ari": 0.1262744601355202, "vm": 0.13222541051329303}}, "Aufkl\u00e4rung/Biedermeier": {"scores": {"ari": 0.10767919639907059, "vm": 0.2183173973644447}}, "Aufkl\u00e4rung/Realismus": {"scores": {"ari": 0.11750001558438326, "vm": 0.060215859684596876}}, "Aufkl\u00e4rung/Naturalismus": {"scores": {"ari": 0.18836061099762652, "vm": 0.33587678453499675}}, "Aufkl\u00e4rung/Expressionismus": {"scores": {"ari": 0.18509392300553612, "vm": 0.33342354242889616}}, "Klassik/Realismus": {"scores": {"ari": 0.10318395427890406, "vm": 0.07111930136093648}}, "Klassik/Naturalismus": {"scores": {"ari": 0.1299862448418157, "vm": 0.12334944577879234}}, "Klassik/Expressionismus": {"scores": {"ari": 0.33932413618529295, "vm": 0.30170745196148857}}, "Romantik/Biedermeier": {"scores": {"ari": 0.05873515349342517, "vm": 0.09531163103332899}}, "Romantik/Realismus": {"scores": {"ari": 0.05610856009943807, "vm": 0.04791598594732532}}, "Romantik/Naturalismus": {"scores": {"ari": 0.08548387096774199, "vm": 0.07797294037533378}}, "Romantik/Expressionismus": {"scores": {"ari": 0.31084337349397584, "vm": 0.3118180455842009}}, "Biedermeier/Realismus": {"scores": {"ari": 0.00303871052979262, "vm": 0.00862474392552294}}, "Biedermeier/Naturalismus": {"scores": {"ari": 0.05020178863098685, "vm": 0.10850610983923568}}, "Biedermeier/Expressionismus": {"scores": {"ari": 0.1724681465913569, "vm": 0.12069442349844849}}, "Realismus/Expressionismus": {"scores": {"ari": 0.053254437869822424, "vm": 0.07697864745110962}}, "Naturalismus/Expressionismus": {"scores": {"ari": 0.06347125097125099, "vm": 0.06752373512546157}}}