{"Fr\u00fchbarock/Hochbarock": {"scores": {"ari": 0.14190723321440155, "vm": 0.1394646798651595}}, "Fr\u00fchbarock/Aufkl\u00e4rung": {"scores": {"ari": 0.8644442369346655, "vm": 0.7822839932706165}}, "Fr\u00fchbarock/Klassik": {"scores": {"ari": 0.8708692029991669, "vm": 0.8253555672890204}}, "Fr\u00fchbarock/Romantik": {"scores": {"ari": 1.0, "vm": 1.0}}, "Fr\u00fchbarock/Biedermeier": {"scores": {"ari": 1.0, "vm": 1.0}}, "Fr\u00fchbarock/Realismus": {"scores": {"ari": 1.0, "vm": 1.0}}, "Fr\u00fchbarock/Naturalismus": {"scores": {"ari": 0.19889502762430936, "vm": 0.3050584230107302}}, "Fr\u00fchbarock/Expressionismus": {"scores": {"ari": 1.0, "vm": 1.0}}, "Hochbarock/Aufkl\u00e4rung": {"scores": {"ari": 0.516127289649137, "vm": 0.39131369195799776}}, "Hochbarock/Klassik": {"scores": {"ari": 0.5512525478335196, "vm": 0.48348413489732756}}, "Hochbarock/Romantik": {"scores": {"ari": 0.9069359991755127, "vm": 0.863285058232484}}, "Hochbarock/Biedermeier": {"scores": {"ari": 0.9130042531254028, "vm": 0.870220135553578}}, "Hochbarock/Realismus": {"scores": {"ari": 0.8432351153341652, "vm": 0.7567767435191095}}, "Hochbarock/Naturalismus": {"scores": {"ari": 0.800297183314031, "vm": 0.7547921696532923}}, "Hochbarock/Expressionismus": {"scores": {"ari": 0.7841269841269841, "vm": 0.7357077166370196}}, "Aufkl\u00e4rung/Klassik": {"scores": {"ari": 0.048291890162264116, "vm": 0.011483950655351556}}, "Aufkl\u00e4rung/Romantik": {"scores": {"ari": 0.1704142586566946, "vm": 0.24293659131890818}}, "Aufkl\u00e4rung/Biedermeier": {"scores": {"ari": 0.21483161434260603, "vm": 0.2775514369040004}}, "Aufkl\u00e4rung/Realismus": {"scores": {"ari": 0.5200785662146068, "vm": 0.5311741162625161}}, "Aufkl\u00e4rung/Naturalismus": {"scores": {"ari": 0.27894083670652636, "vm": 0.35726004255446836}}, "Aufkl\u00e4rung/Expressionismus": {"scores": {"ari": -0.04114255549048528, "vm": 0.02140175578454386}}, "Klassik/Realismus": {"scores": {"ari": -0.015688958677242307, "vm": 0.0012809698363877057}}, "Klassik/Naturalismus": {"scores": {"ari": 0.1810661764705882, "vm": 0.1558611309271075}}, "Klassik/Expressionismus": {"scores": {"ari": 0.337759546665539, "vm": 0.32654303978221066}}, "Romantik/Biedermeier": {"scores": {"ari": 0.1365546527536005, "vm": 0.11454635859155811}}, "Romantik/Realismus": {"scores": {"ari": 0.0008729139922978442, "vm": 0.030622732111388565}}, "Romantik/Naturalismus": {"scores": {"ari": -0.011130434782608657, "vm": 0.04090050410733146}}, "Romantik/Expressionismus": {"scores": {"ari": 0.7652323580034424, "vm": 0.7237866862983209}}, "Biedermeier/Realismus": {"scores": {"ari": -0.012306431201487283, "vm": 0.0022985436897402655}}, "Biedermeier/Naturalismus": {"scores": {"ari": 0.12517945765528102, "vm": 0.09458659024171391}}, "Biedermeier/Expressionismus": {"scores": {"ari": 0.5083329137505664, "vm": 0.43823749796273853}}, "Realismus/Expressionismus": {"scores": {"ari": -0.015124327095616449, "vm": 0.02109018555187}}, "Naturalismus/Expressionismus": {"scores": {"ari": 0.015968063872255554, "vm": 0.06786319645044073}}}