{"Barock/Aufkl\u00e4rung": {"scores": {"ari": 0.3747120025122984, "vm": 0.3808854183354524}}, "Barock/Klassik": {"scores": {"ari": 0.4913005973210071, "vm": 0.49945593734359156}}, "Barock/Romantik": {"scores": {"ari": 0.22075141518424005, "vm": 0.36456437723416857}}, "Barock/Biedermeier": {"scores": {"ari": 0.4523674877681898, "vm": 0.5135351813200306}}, "Barock/Realismus": {"scores": {"ari": 0.5150604569370093, "vm": 0.5315037390931865}}, "Barock/Naturalismus": {"scores": {"ari": 0.4118934340028332, "vm": 0.44424788029522966}}, "Barock/Expressionismus": {"scores": {"ari": 0.2406368113618142, "vm": 0.30259182491017494}}, "Aufkl\u00e4rung/Klassik": {"scores": {"ari": 0.032473343283368025, "vm": 0.14254080675068476}}, "Aufkl\u00e4rung/Romantik": {"scores": {"ari": 0.3134495918144387, "vm": 0.15296267099994817}}, "Aufkl\u00e4rung/Biedermeier": {"scores": {"ari": 0.07509761059555686, "vm": 0.02762492487627586}}, "Aufkl\u00e4rung/Realismus": {"scores": {"ari": 0.06805692365891854, "vm": 0.0943629033378967}}, "Aufkl\u00e4rung/Naturalismus": {"scores": {"ari": 0.13161977666097585, "vm": 0.1553261654886092}}, "Aufkl\u00e4rung/Expressionismus": {"scores": {"ari": 0.056371599678216915, "vm": 0.00814051276380803}}, "Klassik/Romantik": {"scores": {"ari": 0.09252483010977525, "vm": 0.021820457991255794}}, "Klassik/Biedermeier": {"scores": {"ari": 0.0629352918829936, "vm": 0.05909739790013525}}, "Klassik/Realismus": {"scores": {"ari": 0.011405730164261302, "vm": 0.04331248047501829}}, "Klassik/Naturalismus": {"scores": {"ari": 0.09530835054588363, "vm": 0.030449906688870938}}, "Klassik/Expressionismus": {"scores": {"ari": 0.217995703273095, "vm": 0.09052492356510282}}, "Romantik/Biedermeier": {"scores": {"ari": 0.1954848640328374, "vm": 0.09484075662495077}}, "Romantik/Realismus": {"scores": {"ari": 0.16675714466316166, "vm": 0.07545457846683884}}, "Romantik/Naturalismus": {"scores": {"ari": 0.1525851197982345, "vm": 0.11453636126383507}}, "Romantik/Expressionismus": {"scores": {"ari": 0.10830324909747292, "vm": 0.23876721316494962}}, "Biedermeier/Realismus": {"scores": {"ari": 0.042626226779384636, "vm": 0.029748613064033372}}, "Biedermeier/Naturalismus": {"scores": {"ari": 0.0425788833260574, "vm": 0.1132928997323218}}, "Biedermeier/Expressionismus": {"scores": {"ari": 0.28999172870140616, "vm": 0.19005436614516577}}, "Realismus/Naturalismus": {"scores": {"ari": 0.05210604482517117, "vm": 0.017092306137864298}}, "Realismus/Expressionismus": {"scores": {"ari": 0.22549601995960553, "vm": 0.11412419109147338}}, "Naturalismus/Expressionismus": {"scores": {"ari": 0.17267478530881566, "vm": 0.136068720554534}}}