{"Barock/Aufkl\u00e4rung": {"scores": {"ari": 0.43000841711686083, "vm": 0.3539749287220608}}, "Barock/Klassik": {"scores": {"ari": 0.8369017207577949, "vm": 0.7846680736422991}}, "Barock/Romantik": {"scores": {"ari": 0.543026706231454, "vm": 0.49801440928402685}}, "Barock/Biedermeier": {"scores": {"ari": -0.010025993316004359, "vm": 0.020074505345206408}}, "Barock/Realismus": {"scores": {"ari": 0.8605806088252305, "vm": 0.8119461410948712}}, "Barock/Naturalismus": {"scores": {"ari": 0.6322059051770027, "vm": 0.5379858353113823}}, "Barock/Expressionismus": {"scores": {"ari": 0.6839565423764569, "vm": 0.6109062552034141}}, "Aufkl\u00e4rung/Klassik": {"scores": {"ari": 0.05851111599842412, "vm": 0.05290001419019735}}, "Aufkl\u00e4rung/Romantik": {"scores": {"ari": -0.07764512554931716, "vm": 0.10561367566130342}}, "Aufkl\u00e4rung/Biedermeier": {"scores": {"ari": 0.22527841105478863, "vm": 0.15396639002279217}}, "Aufkl\u00e4rung/Realismus": {"scores": {"ari": 0.550768145091535, "vm": 0.5599269793587073}}, "Aufkl\u00e4rung/Naturalismus": {"scores": {"ari": -0.014611277895266105, "vm": 0.197276476897428}}, "Aufkl\u00e4rung/Expressionismus": {"scores": {"ari": -0.05610913135256607, "vm": 0.12897071297528956}}, "Klassik/Romantik": {"scores": {"ari": -0.0214435146443515, "vm": 0.06658450246100306}}, "Klassik/Biedermeier": {"scores": {"ari": -0.007509386733416771, "vm": 0.08151572783700396}}, "Klassik/Realismus": {"scores": {"ari": 0.06732422325020825, "vm": 0.1307890220759056}}, "Klassik/Naturalismus": {"scores": {"ari": -0.001892324648048486, "vm": 0.01387760812751501}}, "Klassik/Expressionismus": {"scores": {"ari": 0.13043478260869565, "vm": 0.11555385733035207}}, "Romantik/Biedermeier": {"scores": {"ari": -0.0636534423693228, "vm": 0.0425286073318799}}, "Romantik/Realismus": {"scores": {"ari": -0.10937102408105676, "vm": 0.1011166640778608}}, "Romantik/Naturalismus": {"scores": {"ari": -0.06278755074424892, "vm": 0.06547731989634095}}, "Romantik/Expressionismus": {"scores": {"ari": 0.011820330969267157, "vm": 0.09122029693193998}}, "Biedermeier/Realismus": {"scores": {"ari": 0.0056245007535019615, "vm": 0.00865724071119857}}, "Biedermeier/Naturalismus": {"scores": {"ari": 0.023058252427184477, "vm": 0.2059427570263266}}, "Biedermeier/Expressionismus": {"scores": {"ari": 0.08963093145869955, "vm": 0.10283043105309993}}, "Realismus/Naturalismus": {"scores": {"ari": -0.01782363977485905, "vm": 0.01705904827616493}}, "Realismus/Expressionismus": {"scores": {"ari": -0.0389687537127243, "vm": 0.004856012822840312}}, "Naturalismus/Expressionismus": {"scores": {"ari": 0.06148867313915862, "vm": 0.09543759133313404}}}