{"Barock/Aufkl\u00e4rung": {"scores": {"ari": 0.33851084140188187, "vm": 0.35283600536520365}}, "Barock/Klassik": {"scores": {"ari": 0.44293713347494285, "vm": 0.4738136883740858}}, "Barock/Romantik": {"scores": {"ari": 0.5164076292614572, "vm": 0.5611822126392595}}, "Barock/Biedermeier": {"scores": {"ari": 0.4580979665785345, "vm": 0.5197255769176715}}, "Barock/Realismus": {"scores": {"ari": 0.4849249006515801, "vm": 0.4996742971174912}}, "Barock/Naturalismus": {"scores": {"ari": 0.451175156170997, "vm": 0.48169652590059053}}, "Barock/Expressionismus": {"scores": {"ari": 0.3547563609840941, "vm": 0.3981408465292809}}, "Aufkl\u00e4rung/Klassik": {"scores": {"ari": 0.12314093437912065, "vm": 0.08496362186250986}}, "Aufkl\u00e4rung/Romantik": {"scores": {"ari": 0.15964794771107138, "vm": 0.14042291406624305}}, "Aufkl\u00e4rung/Biedermeier": {"scores": {"ari": 0.04978540772532177, "vm": 0.01656230946715653}}, "Aufkl\u00e4rung/Realismus": {"scores": {"ari": 0.12948427883764888, "vm": 0.13221660983961553}}, "Aufkl\u00e4rung/Naturalismus": {"scores": {"ari": 0.13804086071622784, "vm": 0.08517366330781667}}, "Aufkl\u00e4rung/Expressionismus": {"scores": {"ari": 0.014258578546787038, "vm": 0.0565314712850087}}, "Klassik/Romantik": {"scores": {"ari": 0.024527287829188445, "vm": 0.033632459493651685}}, "Klassik/Naturalismus": {"scores": {"ari": 0.010952416191815277, "vm": 0.007772952063547746}}, "Klassik/Expressionismus": {"scores": {"ari": 0.23926835691541573, "vm": 0.16184119189637397}}, "Romantik/Realismus": {"scores": {"ari": 0.08211521926053307, "vm": 0.06782178820853738}}, "Romantik/Naturalismus": {"scores": {"ari": 0.033353506825364886, "vm": 0.12984418992432095}}, "Romantik/Expressionismus": {"scores": {"ari": 0.15133394664213443, "vm": 0.08812387184027502}}, "Biedermeier/Expressionismus": {"scores": {"ari": 0.14601738131149897, "vm": 0.09343023314051452}}, "Realismus/Expressionismus": {"scores": {"ari": 0.06255725964934375, "vm": 0.027505310217845337}}, "Naturalismus/Expressionismus": {"scores": {"ari": 0.1662443968037419, "vm": 0.13738437919658278}}}