{"Barock/Aufkl\u00e4rung": {"scores": {"ari": 0.48024740017584816, "vm": 0.48440788296643084}}, "Barock/Klassik": {"scores": {"ari": 0.7653967620019674, "vm": 0.6735550905637514}}, "Barock/Romantik": {"scores": {"ari": 0.8237925001901575, "vm": 0.7754058305489957}}, "Barock/Biedermeier": {"scores": {"ari": 0.7115757945532198, "vm": 0.6248081845550487}}, "Barock/Realismus": {"scores": {"ari": 0.6860757771580165, "vm": 0.5878184543401218}}, "Barock/Naturalismus": {"scores": {"ari": 0.7290053603335318, "vm": 0.6805691735753392}}, "Barock/Expressionismus": {"scores": {"ari": 0.8451556850985118, "vm": 0.7777773376490587}}, "Aufkl\u00e4rung/Klassik": {"scores": {"ari": 0.04174735752827266, "vm": 0.11941946903278813}}, "Aufkl\u00e4rung/Romantik": {"scores": {"ari": 0.20901175529178648, "vm": 0.3447779653334385}}, "Aufkl\u00e4rung/Biedermeier": {"scores": {"ari": 0.16087041756518325, "vm": 0.11835280639920548}}, "Aufkl\u00e4rung/Realismus": {"scores": {"ari": 0.4589152731627811, "vm": 0.4973065526258273}}, "Aufkl\u00e4rung/Naturalismus": {"scores": {"ari": 0.47724647724647723, "vm": 0.4792965949654446}}, "Aufkl\u00e4rung/Expressionismus": {"scores": {"ari": 0.870474322631683, "vm": 0.7528778259555773}}, "Klassik/Romantik": {"scores": {"ari": 0.0013485527139623149, "vm": 0.033452314833023654}}, "Klassik/Biedermeier": {"scores": {"ari": -0.018559038304378748, "vm": 3.243780651685246e-16}}, "Klassik/Realismus": {"scores": {"ari": -0.006617723089649411, "vm": 0.011204066298942454}}, "Klassik/Naturalismus": {"scores": {"ari": 0.12178072111846937, "vm": 0.20650805201733913}}, "Klassik/Expressionismus": {"scores": {"ari": -0.030668677727501262, "vm": 0.0056669163893867435}}, "Romantik/Biedermeier": {"scores": {"ari": 0.15993537964458798, "vm": 0.14156644530070964}}, "Romantik/Realismus": {"scores": {"ari": 0.10368060781994771, "vm": 0.08740775795411843}}, "Romantik/Naturalismus": {"scores": {"ari": 0.41263440860215056, "vm": 0.32896086122760704}}, "Romantik/Expressionismus": {"scores": {"ari": 0.3116060828763638, "vm": 0.3136556660357203}}, "Biedermeier/Naturalismus": {"scores": {"ari": -0.014790468364831649, "vm": 0.029553482211788384}}, "Biedermeier/Expressionismus": {"scores": {"ari": 0.24505215139347572, "vm": 0.2753310037521468}}, "Realismus/Naturalismus": {"scores": {"ari": -0.017723513194170797, "vm": 0.023177195484047862}}, "Realismus/Expressionismus": {"scores": {"ari": 0.41987285336856006, "vm": 0.33020940988194164}}, "Naturalismus/Expressionismus": {"scores": {"ari": 0.04394757131842725, "vm": 0.11830143070002035}}}