{"Fr\u00fchaufkl\u00e4rung/Realismus": {"ari": 0.5412215502167778, "vm": 0.4317111350308377}}