{"Barock/Fr\u00fchaufkl\u00e4rung": 0.15919480027065913, "Barock/Aufkl\u00e4rung": 0.09790657282091611, "Barock/Biedermeier": 0.02876923648502427, "Barock/Realismus": 0.1065174540191465, "Barock/Moderne": 0.06899477016720239, "Barock/Weimarer_Republik": 0.00047341662314531914, "Fr\u00fchaufkl\u00e4rung/Aufkl\u00e4rung": 0.02400360505558274, "Fr\u00fchaufkl\u00e4rung/Biedermeier": 0.0940356879869718, "Fr\u00fchaufkl\u00e4rung/Realismus": 0.08646780427707738, "Fr\u00fchaufkl\u00e4rung/Moderne": -0.0286997319971716, "Fr\u00fchaufkl\u00e4rung/Weimarer_Republik": 0.00014725853476965978, "Aufkl\u00e4rung/Biedermeier": 0.027688005695724674, "Aufkl\u00e4rung/Realismus": 0.005023788186837437, "Aufkl\u00e4rung/Moderne": -0.025674144399544716, "Aufkl\u00e4rung/Weimarer_Republik": 0.00018290111442099255, "Biedermeier/Realismus": 0.01351645191099979, "Biedermeier/Moderne": 0.01019331012414187, "Biedermeier/Weimarer_Republik": 0.00033837596333627677, "Realismus/Moderne": -0.002031037262777545, "Realismus/Weimarer_Republik": 0.0006370907439407262, "Moderne/Weimarer_Republik": -0.0043723758875272144}