{"Fr\u00fchaufkl\u00e4rung/Biedermeier": {"ari": 0.4268863125578034, "vm": 0.3510228273214194}}