{"Fr\u00fchbarock/Hochbarock": {"scores": {"ari": -0.017897091722595165, "vm": 0.048939681106601025}}, "Fr\u00fchbarock/Aufkl\u00e4rung": {"scores": {"ari": 0.9133684622234538, "vm": 0.8498561624891114}}, "Fr\u00fchbarock/Klassik": {"scores": {"ari": 0.6027060270602707, "vm": 0.6033115432623924}}, "Fr\u00fchbarock/Romantik": {"scores": {"ari": 1.0, "vm": 1.0}}, "Fr\u00fchbarock/Biedermeier": {"scores": {"ari": 0.6027060270602707, "vm": 0.6033115432623924}}, "Fr\u00fchbarock/Realismus": {"scores": {"ari": 1.0, "vm": 1.0}}, "Fr\u00fchbarock/Naturalismus": {"scores": {"ari": 0.6673553719008265, "vm": 0.5733193375104657}}, "Fr\u00fchbarock/Expressionismus": {"scores": {"ari": 0.026217228464419554, "vm": 0.1315574934768067}}, "Hochbarock/Aufkl\u00e4rung": {"scores": {"ari": 0.714019632921916, "vm": 0.5775275773024909}}, "Hochbarock/Klassik": {"scores": {"ari": 1.0, "vm": 1.0}}, "Hochbarock/Romantik": {"scores": {"ari": -0.041131105398457435, "vm": 0.042839782471374044}}, "Hochbarock/Biedermeier": {"scores": {"ari": 0.5271911792188376, "vm": 0.5371486135861737}}, "Hochbarock/Realismus": {"scores": {"ari": -0.055951727921009504, "vm": 0.0807487031891294}}, "Hochbarock/Naturalismus": {"scores": {"ari": -0.034928555227942686, "vm": 0.0867720866472117}}, "Hochbarock/Expressionismus": {"scores": {"ari": 0.014900662251655676, "vm": 0.10143752275421568}}, "Aufkl\u00e4rung/Klassik": {"scores": {"ari": 0.1305456399796022, "vm": 0.24072666670217266}}, "Aufkl\u00e4rung/Romantik": {"scores": {"ari": -0.11375864719446586, "vm": 0.09635371748814704}}, "Aufkl\u00e4rung/Biedermeier": {"scores": {"ari": -0.01913429958005849, "vm": 0.0593754447115443}}, "Aufkl\u00e4rung/Realismus": {"scores": {"ari": -0.03094617026322009, "vm": 0.015480240287898227}}, "Aufkl\u00e4rung/Naturalismus": {"scores": {"ari": 0.016506903830847405, "vm": 0.07378243648967565}}, "Aufkl\u00e4rung/Expressionismus": {"scores": {"ari": -0.019173412867490365, "vm": 0.03223093068897916}}, "Klassik/Romantik": {"scores": {"ari": 0.07862407862407861, "vm": 0.20945408898243467}}, "Klassik/Realismus": {"scores": {"ari": -0.002506265664160377, "vm": 0.0415906915419769}}, "Klassik/Naturalismus": {"scores": {"ari": -0.04046242774566478, "vm": 0.06432352912352948}}, "Klassik/Expressionismus": {"scores": {"ari": -0.10344827586206896, "vm": 0.1233103867816896}}, "Romantik/Biedermeier": {"scores": {"ari": -0.06870229007633591, "vm": 0.00218117601977753}}, "Romantik/Realismus": {"scores": {"ari": -0.013245033112582735, "vm": 0.08532576445190562}}, "Romantik/Naturalismus": {"scores": {"ari": 0.18058598028477543, "vm": 0.20936496946004038}}, "Romantik/Expressionismus": {"scores": {"ari": -0.046511627906976764, "vm": 0.13676613657244813}}, "Biedermeier/Naturalismus": {"scores": {"ari": 0.05846153846153844, "vm": 0.08801936376848676}}, "Realismus/Naturalismus": {"scores": {"ari": -0.044419766796224384, "vm": 0.007325622571954271}}, "Naturalismus/Expressionismus": {"scores": {"ari": -0.09090909090909119, "vm": 0.02644796190444149}}}