{"Fr\u00fchbarock/Hochbarock": {"scores": {"ari": 0.06346732588134128, "vm": 0.28640355653995064}}, "Fr\u00fchbarock/Aufkl\u00e4rung": {"scores": {"ari": 0.18189351731091055, "vm": 0.29664216908643926}}, "Fr\u00fchbarock/Klassik": {"scores": {"ari": 0.1311118031765806, "vm": 0.23806972076618887}}, "Fr\u00fchbarock/Romantik": {"scores": {"ari": 0.10198948090555685, "vm": 0.2720826022075423}}, "Fr\u00fchbarock/Biedermeier": {"scores": {"ari": 0.5433807030665669, "vm": 0.620501170382195}}, "Fr\u00fchbarock/Realismus": {"scores": {"ari": 0.3460018031763645, "vm": 0.48197865547449037}}, "Fr\u00fchbarock/Naturalismus": {"scores": {"ari": 0.43659484281172733, "vm": 0.46852936493180763}}, "Fr\u00fchbarock/Expressionismus": {"scores": {"ari": 0.28559428811423776, "vm": 0.3900965773216312}}, "Hochbarock/Aufkl\u00e4rung": {"scores": {"ari": 0.22705918808699613, "vm": 0.17956272832872297}}, "Hochbarock/Klassik": {"scores": {"ari": 0.2970523033608084, "vm": 0.4304537516442308}}, "Hochbarock/Romantik": {"scores": {"ari": 0.22979568895813202, "vm": 0.4003163319832513}}, "Hochbarock/Biedermeier": {"scores": {"ari": 0.14110429447852765, "vm": 0.26889544884142413}}, "Hochbarock/Realismus": {"scores": {"ari": 0.28835697668504057, "vm": 0.43568171103052633}}, "Hochbarock/Naturalismus": {"scores": {"ari": 0.6118273624166933, "vm": 0.522394510996598}}, "Hochbarock/Expressionismus": {"scores": {"ari": 0.728907524342283, "vm": 0.6330514912119887}}, "Aufkl\u00e4rung/Klassik": {"scores": {"ari": 0.11683303273851572, "vm": 0.07436018128329074}}, "Aufkl\u00e4rung/Romantik": {"scores": {"ari": 0.1439817021364777, "vm": 0.210071147672032}}, "Aufkl\u00e4rung/Biedermeier": {"scores": {"ari": 0.07945781078665354, "vm": 0.195686658347231}}, "Aufkl\u00e4rung/Realismus": {"scores": {"ari": 0.09987586780667201, "vm": 0.04737191070812138}}, "Aufkl\u00e4rung/Naturalismus": {"scores": {"ari": 0.19300036618249197, "vm": 0.35045391164668}}, "Aufkl\u00e4rung/Expressionismus": {"scores": {"ari": 0.17035647279549712, "vm": 0.32548087425346933}}, "Klassik/Realismus": {"scores": {"ari": 0.06956710485260408, "vm": 0.04560879291075854}}, "Klassik/Naturalismus": {"scores": {"ari": 0.046767537826685045, "vm": 0.056886816021176685}}, "Klassik/Expressionismus": {"scores": {"ari": 0.2607272919195651, "vm": 0.38251213355693886}}, "Romantik/Biedermeier": {"scores": {"ari": 0.08661744369572982, "vm": 0.1273115325911645}}, "Romantik/Realismus": {"scores": {"ari": 0.05610856009943807, "vm": 0.04791598594732532}}, "Romantik/Naturalismus": {"scores": {"ari": 0.08603667136812404, "vm": 0.07564284474331212}}, "Romantik/Expressionismus": {"scores": {"ari": 0.24277191372189078, "vm": 0.22497623289936303}}, "Biedermeier/Realismus": {"scores": {"ari": 0.00303871052979262, "vm": 0.00862474392552294}}, "Biedermeier/Naturalismus": {"scores": {"ari": 0.022420275727614594, "vm": 0.05860949250434757}}, "Biedermeier/Expressionismus": {"scores": {"ari": 0.12316662111688076, "vm": 0.08177317049888191}}, "Realismus/Expressionismus": {"scores": {"ari": 0.053254437869822424, "vm": 0.07697864745110962}}, "Naturalismus/Expressionismus": {"scores": {"ari": 0.06347125097125099, "vm": 0.06752373512546157}}}