{"Fr\u00fchbarock/Hochbarock": {"scores": {"ari": 0.0749657394718323, "vm": 0.12616194864706873}}, "Fr\u00fchbarock/Aufkl\u00e4rung": {"scores": {"ari": 0.17906276870163368, "vm": 0.2933691729500177}}, "Fr\u00fchbarock/Klassik": {"scores": {"ari": 1.0, "vm": 1.0}}, "Fr\u00fchbarock/Romantik": {"scores": {"ari": 1.0, "vm": 1.0}}, "Fr\u00fchbarock/Biedermeier": {"scores": {"ari": 1.0, "vm": 1.0}}, "Fr\u00fchbarock/Realismus": {"scores": {"ari": 1.0, "vm": 1.0}}, "Fr\u00fchbarock/Naturalismus": {"scores": {"ari": 1.0, "vm": 1.0}}, "Fr\u00fchbarock/Expressionismus": {"scores": {"ari": 1.0, "vm": 1.0}}, "Hochbarock/Aufkl\u00e4rung": {"scores": {"ari": -0.03382329958132148, "vm": 0.009364402193702479}}, "Hochbarock/Klassik": {"scores": {"ari": 0.8051166735704283, "vm": 0.7599907436853194}}, "Hochbarock/Romantik": {"scores": {"ari": 0.8183036174379058, "vm": 0.7731362955589165}}, "Hochbarock/Biedermeier": {"scores": {"ari": 0.8298969072164949, "vm": 0.7835639993750275}}, "Hochbarock/Realismus": {"scores": {"ari": 0.769777661668797, "vm": 0.6751871364622591}}, "Hochbarock/Naturalismus": {"scores": {"ari": 0.8002608112833663, "vm": 0.7025088245154874}}, "Hochbarock/Expressionismus": {"scores": {"ari": 0.7841269841269841, "vm": 0.7357077166370194}}, "Aufkl\u00e4rung/Klassik": {"scores": {"ari": -0.020937317689764697, "vm": 0.19363824408958538}}, "Aufkl\u00e4rung/Romantik": {"scores": {"ari": 0.22055405621041085, "vm": 0.3396548095029358}}, "Aufkl\u00e4rung/Biedermeier": {"scores": {"ari": 0.010908922642666217, "vm": 0.2215035332293065}}, "Aufkl\u00e4rung/Realismus": {"scores": {"ari": 0.6762731273576432, "vm": 0.640730275202947}}, "Aufkl\u00e4rung/Naturalismus": {"scores": {"ari": 0.3774575272799379, "vm": 0.41323709899967204}}, "Aufkl\u00e4rung/Expressionismus": {"scores": {"ari": -0.035829710060684875, "vm": 0.16961927634841606}}, "Klassik/Romantik": {"scores": {"ari": 0.04048322147651008, "vm": 0.05274522344712141}}, "Klassik/Biedermeier": {"scores": {"ari": -0.022902068022560257, "vm": 2.113562228177775e-05}}, "Klassik/Realismus": {"scores": {"ari": -0.021461242337665793, "vm": 0.006155613203095856}}, "Klassik/Naturalismus": {"scores": {"ari": 0.06139954853273143, "vm": 0.18207882921976595}}, "Klassik/Expressionismus": {"scores": {"ari": 0.5221395977691398, "vm": 0.4417743205481945}}, "Romantik/Biedermeier": {"scores": {"ari": 0.00698875721665137, "vm": 0.04523509298187304}}, "Romantik/Realismus": {"scores": {"ari": 0.033740534875836156, "vm": 0.03249587038238983}}, "Romantik/Naturalismus": {"scores": {"ari": -0.019642230796211874, "vm": 0.02160429705938304}}, "Romantik/Expressionismus": {"scores": {"ari": 0.38346211509629796, "vm": 0.41249295961533916}}, "Biedermeier/Realismus": {"scores": {"ari": 0.013503703204154291, "vm": 0.15306279763150243}}, "Biedermeier/Naturalismus": {"scores": {"ari": -0.022524166934376977, "vm": 0.0011275696925198684}}, "Biedermeier/Expressionismus": {"scores": {"ari": 0.8887633307436966, "vm": 0.8379113250868575}}, "Realismus/Naturalismus": {"scores": {"ari": -0.04622398772175331, "vm": 0.13439859388283484}}, "Realismus/Expressionismus": {"scores": {"ari": -0.07431340872374805, "vm": 0.12372166498179964}}, "Naturalismus/Expressionismus": {"scores": {"ari": 0.036669542709231985, "vm": 0.05517268389301492}}}