{"Barock/Aufkl\u00e4rung": {"scores": {"ari": 0.4061215222329354, "vm": 0.35639413936620434}}, "Barock/Klassik": {"scores": {"ari": 0.7077289932954932, "vm": 0.6355892263877688}}, "Barock/Romantik": {"scores": {"ari": 0.4180752340963185, "vm": 0.5564949146289848}}, "Barock/Biedermeier": {"scores": {"ari": 0.5686533581315925, "vm": 0.5517788208300946}}, "Barock/Realismus": {"scores": {"ari": 0.7563048846719111, "vm": 0.7120146867274783}}, "Barock/Naturalismus": {"scores": {"ari": 0.533585506520496, "vm": 0.5292894585815977}}, "Barock/Expressionismus": {"scores": {"ari": 0.4380758823059269, "vm": 0.5740349303918337}}, "Aufkl\u00e4rung/Klassik": {"scores": {"ari": 0.11280784854376524, "vm": 0.2061296656022559}}, "Aufkl\u00e4rung/Romantik": {"scores": {"ari": 0.06322139016664038, "vm": 0.10492307240876271}}, "Aufkl\u00e4rung/Biedermeier": {"scores": {"ari": 0.687960469488339, "vm": 0.6031229751211679}}, "Aufkl\u00e4rung/Realismus": {"scores": {"ari": 0.7761325656034224, "vm": 0.7255980542064947}}, "Aufkl\u00e4rung/Naturalismus": {"scores": {"ari": 0.8065153010858835, "vm": 0.7293289650811525}}, "Aufkl\u00e4rung/Expressionismus": {"scores": {"ari": 0.5727894563126685, "vm": 0.473481100019403}}, "Klassik/Romantik": {"scores": {"ari": 0.19096348633181665, "vm": 0.06388508567998655}}, "Klassik/Biedermeier": {"scores": {"ari": 0.16634553628773283, "vm": 0.09641563671126963}}, "Klassik/Realismus": {"scores": {"ari": 0.027687269388003508, "vm": 0.07238210163637644}}, "Klassik/Naturalismus": {"scores": {"ari": 0.03077983576095424, "vm": 0.11077640638124396}}, "Klassik/Expressionismus": {"scores": {"ari": 0.08745986963712432, "vm": 0.17209795047782225}}, "Romantik/Biedermeier": {"scores": {"ari": 0.13230610312473098, "vm": 0.08834130712723279}}, "Romantik/Realismus": {"scores": {"ari": 0.051532891196815644, "vm": 0.08984658980154114}}, "Romantik/Naturalismus": {"scores": {"ari": 0.04852686308492206, "vm": 0.10741431123884951}}, "Romantik/Expressionismus": {"scores": {"ari": 0.48323845667299176, "vm": 0.5893329573231616}}, "Biedermeier/Realismus": {"scores": {"ari": 0.039419212570362884, "vm": 0.037554307643471625}}, "Biedermeier/Naturalismus": {"scores": {"ari": 0.17763817416293526, "vm": 0.28261748671403986}}, "Biedermeier/Expressionismus": {"scores": {"ari": 0.566243777099727, "vm": 0.45793823527538274}}, "Realismus/Naturalismus": {"scores": {"ari": 0.12769414834902684, "vm": 0.07490204211359322}}, "Realismus/Expressionismus": {"scores": {"ari": 0.00041849175571221904, "vm": 0.0001079962240615684}}, "Naturalismus/Expressionismus": {"scores": {"ari": 0.04484634612556981, "vm": 0.22279599566272051}}}