{"Barock/Aufkl\u00e4rung": {"scores": {"ari": 0.38312243913052224, "vm": 0.3840443558467498}}, "Barock/Klassik": {"scores": {"ari": 0.45529615490688935, "vm": 0.47890412348553535}}, "Barock/Romantik": {"scores": {"ari": 0.33218911715598315, "vm": 0.22507785082272247}}, "Barock/Biedermeier": {"scores": {"ari": 0.45855186858458397, "vm": 0.5186681445840875}}, "Barock/Realismus": {"scores": {"ari": 0.5070685550099524, "vm": 0.5405875431144659}}, "Barock/Naturalismus": {"scores": {"ari": 0.43877870429762666, "vm": 0.44946189475325315}}, "Barock/Expressionismus": {"scores": {"ari": 0.3429973196813296, "vm": 0.2213037113441284}}, "Aufkl\u00e4rung/Klassik": {"scores": {"ari": 0.026631873599159476, "vm": 0.1369559752396063}}, "Aufkl\u00e4rung/Romantik": {"scores": {"ari": 0.2748223844779952, "vm": 0.12916971413379516}}, "Aufkl\u00e4rung/Biedermeier": {"scores": {"ari": 0.05932026493167411, "vm": 0.019195626507112692}}, "Aufkl\u00e4rung/Realismus": {"scores": {"ari": 0.06419866951863251, "vm": 0.10529113020377322}}, "Aufkl\u00e4rung/Naturalismus": {"scores": {"ari": 0.10560009011207692, "vm": 0.06768180089961026}}, "Aufkl\u00e4rung/Expressionismus": {"scores": {"ari": 0.2815258209826525, "vm": 0.13238449464556604}}, "Klassik/Romantik": {"scores": {"ari": 0.14800642793504296, "vm": 0.05451404321485494}}, "Klassik/Biedermeier": {"scores": {"ari": 0.055365761597041874, "vm": 0.052218494406105355}}, "Klassik/Realismus": {"scores": {"ari": 0.04916038601096639, "vm": 0.038988950169624906}}, "Klassik/Naturalismus": {"scores": {"ari": 0.08624876917548052, "vm": 0.028916912010638174}}, "Klassik/Expressionismus": {"scores": {"ari": 0.22697630680540523, "vm": 0.09944062002832157}}, "Romantik/Biedermeier": {"scores": {"ari": 0.20550286457079586, "vm": 0.16906182783932633}}, "Romantik/Realismus": {"scores": {"ari": 0.07035705256060912, "vm": 0.02529228436226869}}, "Romantik/Naturalismus": {"scores": {"ari": 0.07257016998926978, "vm": 0.0629623660268554}}, "Romantik/Expressionismus": {"scores": {"ari": 0.06551297898640283, "vm": 0.1739719808443038}}, "Biedermeier/Realismus": {"scores": {"ari": 0.04005569834221218, "vm": 0.06929838664249374}}, "Biedermeier/Naturalismus": {"scores": {"ari": 0.0425788833260574, "vm": 0.1132928997323218}}, "Biedermeier/Expressionismus": {"scores": {"ari": 0.3174603174603175, "vm": 0.2221329800844194}}, "Realismus/Naturalismus": {"scores": {"ari": 0.018934713559642467, "vm": 0.02607252637754377}}, "Realismus/Expressionismus": {"scores": {"ari": 0.1398772719848806, "vm": 0.04987801508912467}}, "Naturalismus/Expressionismus": {"scores": {"ari": 0.06278415241394247, "vm": 0.05193692185419638}}}