{"Fr\u00fchbarock/Hochbarock": {"scores": {"ari": 0.49329758713136734, "vm": 0.5080915846083285}}, "Fr\u00fchbarock/Aufkl\u00e4rung": {"scores": {"ari": 0.8280198888563908, "vm": 0.7461232854816618}}, "Fr\u00fchbarock/Klassik": {"scores": {"ari": 0.49969381506429883, "vm": 0.4864393550523717}}, "Fr\u00fchbarock/Romantik": {"scores": {"ari": 0.7149049683227743, "vm": 0.7995745561223419}}, "Fr\u00fchbarock/Biedermeier": {"scores": {"ari": 0.5239356284375637, "vm": 0.5895015138952774}}, "Fr\u00fchbarock/Realismus": {"scores": {"ari": 0.4807692307692308, "vm": 0.4710488477777276}}, "Fr\u00fchbarock/Naturalismus": {"scores": {"ari": 0.6975778546712803, "vm": 0.6760236779195326}}, "Fr\u00fchbarock/Expressionismus": {"scores": {"ari": 0.0, "vm": 0.0}}, "Hochbarock/Aufkl\u00e4rung": {"scores": {"ari": 0.5727685124522105, "vm": 0.5210369960476867}}, "Hochbarock/Klassik": {"scores": {"ari": 0.49363173216885003, "vm": 0.4837535950217273}}, "Hochbarock/Romantik": {"scores": {"ari": 0.6589785831960461, "vm": 0.7725068857142603}}, "Hochbarock/Biedermeier": {"scores": {"ari": 0.5557910032088151, "vm": 0.6181524844307674}}, "Hochbarock/Realismus": {"scores": {"ari": 0.7485442032821599, "vm": 0.7225749611068433}}, "Hochbarock/Naturalismus": {"scores": {"ari": 0.6408419821663499, "vm": 0.5817312725263114}}, "Hochbarock/Expressionismus": {"scores": {"ari": 0.06707317073170727, "vm": 0.1333977725464854}}, "Aufkl\u00e4rung/Klassik": {"scores": {"ari": 0.19400814547503523, "vm": 0.2249424785899694}}, "Aufkl\u00e4rung/Romantik": {"scores": {"ari": 0.5831415420023015, "vm": 0.40419084366964864}}, "Aufkl\u00e4rung/Biedermeier": {"scores": {"ari": 0.028867713004484336, "vm": 0.13502954545200624}}, "Aufkl\u00e4rung/Realismus": {"scores": {"ari": 0.25343830778034315, "vm": 0.2244057153455092}}, "Aufkl\u00e4rung/Naturalismus": {"scores": {"ari": 0.11617276166456487, "vm": 0.2908004691973691}}, "Aufkl\u00e4rung/Expressionismus": {"scores": {"ari": 0.094738651994498, "vm": 0.10426001466330631}}, "Klassik/Romantik": {"scores": {"ari": 0.0049140049140048965, "vm": 0.1712118502007276}}, "Klassik/Biedermeier": {"scores": {"ari": 0.0, "vm": 0.0}}, "Klassik/Realismus": {"scores": {"ari": 0.1979949874686717, "vm": 0.18329041477146155}}, "Klassik/Naturalismus": {"scores": {"ari": 0.41199077632590314, "vm": 0.33368102539167266}}, "Klassik/Expressionismus": {"scores": {"ari": 1.0, "vm": 1.0}}, "Romantik/Biedermeier": {"scores": {"ari": 0.01937046004842608, "vm": 0.11442479185044623}}, "Romantik/Realismus": {"scores": {"ari": 0.11611785095320626, "vm": 0.12526434003242493}}, "Romantik/Naturalismus": {"scores": {"ari": 0.4388843314191961, "vm": 0.3659696792104803}}, "Romantik/Expressionismus": {"scores": {"ari": 0.49295774647887325, "vm": 0.4434624880500024}}, "Biedermeier/Realismus": {"scores": {"ari": 0.0, "vm": 3.240040882961846e-16}}, "Biedermeier/Naturalismus": {"scores": {"ari": 0.0, "vm": 0.0}}, "Biedermeier/Expressionismus": {"scores": {"ari": 0.0, "vm": 0.0}}, "Realismus/Naturalismus": {"scores": {"ari": 0.06651549508692368, "vm": 0.17116723094410613}}, "Realismus/Expressionismus": {"scores": {"ari": 0.5161290322580645, "vm": 0.4517427878747861}}, "Naturalismus/Expressionismus": {"scores": {"ari": 0.0, "vm": 2.902938674558957e-15}}}