{"Barock/Aufkl\u00e4rung": {"scores": {"ari": 0.38312243913052224, "vm": 0.3840443558467498}}, "Barock/Klassik": {"scores": {"ari": 0.45529615490688935, "vm": 0.47890412348553535}}, "Barock/Romantik": {"scores": {"ari": 0.2365257439556753, "vm": 0.2521768575540649}}, "Barock/Biedermeier": {"scores": {"ari": 0.4407553506165841, "vm": 0.5055063621277384}}, "Barock/Realismus": {"scores": {"ari": 0.5070685550099524, "vm": 0.5405875431144659}}, "Barock/Naturalismus": {"scores": {"ari": 0.43877870429762666, "vm": 0.44946189475325315}}, "Barock/Expressionismus": {"scores": {"ari": 0.28035631708326236, "vm": 0.32733312893712396}}, "Aufkl\u00e4rung/Klassik": {"scores": {"ari": 0.0028737300548522075, "vm": 0.020314204297341532}}, "Aufkl\u00e4rung/Romantik": {"scores": {"ari": 0.15543660806896575, "vm": 0.07970019360632533}}, "Aufkl\u00e4rung/Biedermeier": {"scores": {"ari": 0.05329769133859379, "vm": 0.07272945678547041}}, "Aufkl\u00e4rung/Realismus": {"scores": {"ari": 0.029101718825705697, "vm": 0.05380935710763009}}, "Aufkl\u00e4rung/Naturalismus": {"scores": {"ari": 0.10560009011207692, "vm": 0.06768180089961026}}, "Aufkl\u00e4rung/Expressionismus": {"scores": {"ari": 0.26299308045860914, "vm": 0.16504423402955973}}, "Klassik/Romantik": {"scores": {"ari": 0.07601333353627926, "vm": 0.0162766588760256}}, "Klassik/Biedermeier": {"scores": {"ari": 0.05135502529250494, "vm": 0.07221676212729314}}, "Klassik/Realismus": {"scores": {"ari": 0.04916038601096639, "vm": 0.038988950169624906}}, "Klassik/Naturalismus": {"scores": {"ari": 0.04779613281188037, "vm": 0.012337774634155821}}, "Klassik/Expressionismus": {"scores": {"ari": 0.22697630680540523, "vm": 0.09944062002832157}}, "Romantik/Biedermeier": {"scores": {"ari": 0.05559968228752982, "vm": 0.07758166922712019}}, "Romantik/Realismus": {"scores": {"ari": 0.0008032685825911166, "vm": 0.0001717775642697596}}, "Romantik/Naturalismus": {"scores": {"ari": 0.016483452971298534, "vm": 0.008737142352324154}}, "Romantik/Expressionismus": {"scores": {"ari": 0.06551297898640283, "vm": 0.1739719808443038}}, "Biedermeier/Realismus": {"scores": {"ari": 0.04005569834221218, "vm": 0.06929838664249374}}, "Biedermeier/Naturalismus": {"scores": {"ari": 0.0425788833260574, "vm": 0.1132928997323218}}, "Biedermeier/Expressionismus": {"scores": {"ari": 0.2973405959628324, "vm": 0.3223067486673876}}, "Realismus/Expressionismus": {"scores": {"ari": 0.1398772719848806, "vm": 0.04987801508912467}}, "Naturalismus/Expressionismus": {"scores": {"ari": 0.03274518294003037, "vm": 0.07211148300327709}}}