{"Barock/Aufkl\u00e4rung": {"scores": {"ari": 0.3565276312756282, "vm": 0.42154768840799944}}, "Barock/Klassik": {"scores": {"ari": 0.18154227093562447, "vm": 0.3286454032402018}}, "Barock/Romantik": {"scores": {"ari": 0.47115179361507453, "vm": 0.5667014814428354}}, "Barock/Biedermeier": {"scores": {"ari": 0.3548362593533112, "vm": 0.40411216219270707}}, "Barock/Realismus": {"scores": {"ari": 0.436161336900536, "vm": 0.49524840856070756}}, "Barock/Naturalismus": {"scores": {"ari": 0.43465103083033857, "vm": 0.5277763391087936}}, "Barock/Expressionismus": {"scores": {"ari": 0.24510814572713935, "vm": 0.32536499487802845}}}