{"Fr\u00fchbarock/Hochbarock": {"scores": {"ari": 0.6922589062443374, "vm": 0.6478253235290539}}, "Fr\u00fchbarock/Aufkl\u00e4rung": {"scores": {"ari": 1.0, "vm": 1.0}}, "Fr\u00fchbarock/Klassik": {"scores": {"ari": 1.0, "vm": 1.0}}, "Fr\u00fchbarock/Romantik": {"scores": {"ari": 1.0, "vm": 1.0}}, "Fr\u00fchbarock/Biedermeier": {"scores": {"ari": 1.0, "vm": 1.0}}, "Fr\u00fchbarock/Realismus": {"scores": {"ari": 1.0, "vm": 1.0}}, "Fr\u00fchbarock/Naturalismus": {"scores": {"ari": 0.8665291223615299, "vm": 0.8214296888424341}}, "Fr\u00fchbarock/Expressionismus": {"scores": {"ari": 1.0, "vm": 1.0}}, "Hochbarock/Aufkl\u00e4rung": {"scores": {"ari": 0.6439943978458789, "vm": 0.4947221975817867}}, "Hochbarock/Klassik": {"scores": {"ari": 0.7153733875103554, "vm": 0.6177855880564643}}, "Hochbarock/Romantik": {"scores": {"ari": 0.8183036174379058, "vm": 0.7731362955589165}}, "Hochbarock/Biedermeier": {"scores": {"ari": 0.7910576096302666, "vm": 0.7369745099171362}}, "Hochbarock/Realismus": {"scores": {"ari": 0.843277734243815, "vm": 0.794593147192584}}, "Hochbarock/Naturalismus": {"scores": {"ari": 0.8004134848473818, "vm": 0.7139297804425565}}, "Hochbarock/Expressionismus": {"scores": {"ari": 0.7631650175934558, "vm": 0.7345012184765755}}, "Aufkl\u00e4rung/Klassik": {"scores": {"ari": 0.39492892815981556, "vm": 0.2291861504365956}}, "Aufkl\u00e4rung/Romantik": {"scores": {"ari": 0.3072482988020958, "vm": 0.35119225125381326}}, "Aufkl\u00e4rung/Biedermeier": {"scores": {"ari": 0.3679774303501664, "vm": 0.4799497743716356}}, "Aufkl\u00e4rung/Realismus": {"scores": {"ari": 0.50593754943838, "vm": 0.4241946927735623}}, "Aufkl\u00e4rung/Naturalismus": {"scores": {"ari": 0.8672156256954717, "vm": 0.7721904781156914}}, "Aufkl\u00e4rung/Expressionismus": {"scores": {"ari": 1.0, "vm": 1.0}}, "Klassik/Romantik": {"scores": {"ari": 0.021425518273135342, "vm": 0.040930346982750776}}, "Klassik/Biedermeier": {"scores": {"ari": 0.037993501111651895, "vm": 0.040399092506311775}}, "Klassik/Realismus": {"scores": {"ari": 0.04922074963483103, "vm": 0.10026359316793068}}, "Klassik/Naturalismus": {"scores": {"ari": 0.31044776119402984, "vm": 0.2719476171005619}}, "Klassik/Expressionismus": {"scores": {"ari": 1.0, "vm": 1.0}}, "Romantik/Biedermeier": {"scores": {"ari": 0.01276949315607653, "vm": 0.02438249009060304}}, "Romantik/Realismus": {"scores": {"ari": 0.003390114617346362, "vm": 0.11981796590869864}}, "Romantik/Naturalismus": {"scores": {"ari": 0.35685189841589143, "vm": 0.32428474272881586}}, "Romantik/Expressionismus": {"scores": {"ari": 0.439370617410638, "vm": 0.5197741958753438}}, "Biedermeier/Realismus": {"scores": {"ari": 0.02578295239458569, "vm": 0.0327217422696802}}, "Biedermeier/Naturalismus": {"scores": {"ari": 0.11221400097299573, "vm": 0.16667005171544977}}, "Biedermeier/Expressionismus": {"scores": {"ari": 0.6115906288532675, "vm": 0.5171248373215346}}, "Realismus/Naturalismus": {"scores": {"ari": 0.07461759806148709, "vm": 0.06280610864909882}}, "Realismus/Expressionismus": {"scores": {"ari": 0.454691259021652, "vm": 0.437566409933987}}, "Naturalismus/Expressionismus": {"scores": {"ari": 0.12073632918245807, "vm": 0.1977733123842382}}}