{"Barock/Aufkl\u00e4rung": {"scores": {"ari": 0.4171728736544975, "vm": 0.3594894088209264}}, "Barock/Klassik": {"scores": {"ari": 0.7264507256746057, "vm": 0.6447160518782622}}, "Barock/Romantik": {"scores": {"ari": 0.4584464685285138, "vm": 0.5632830511342627}}, "Barock/Biedermeier": {"scores": {"ari": 0.5761376710625972, "vm": 0.556791730515316}}, "Barock/Realismus": {"scores": {"ari": 0.7681864926643285, "vm": 0.7126055736555555}}, "Barock/Naturalismus": {"scores": {"ari": 0.52838306273097, "vm": 0.533094252801469}}, "Barock/Expressionismus": {"scores": {"ari": 0.5371547505203352, "vm": 0.6430963398548167}}, "Aufkl\u00e4rung/Klassik": {"scores": {"ari": 0.07175363800851031, "vm": 0.11242364886834867}}, "Aufkl\u00e4rung/Romantik": {"scores": {"ari": 0.1020071496195628, "vm": 0.02874380112640616}}, "Aufkl\u00e4rung/Biedermeier": {"scores": {"ari": 0.6707064334033903, "vm": 0.5495395692567362}}, "Aufkl\u00e4rung/Realismus": {"scores": {"ari": 0.6792132233442313, "vm": 0.585714269796341}}, "Aufkl\u00e4rung/Naturalismus": {"scores": {"ari": 0.6119269089098297, "vm": 0.5426735468948662}}, "Aufkl\u00e4rung/Expressionismus": {"scores": {"ari": 0.4339706536238328, "vm": 0.370954367954564}}, "Klassik/Romantik": {"scores": {"ari": 0.09872669272744505, "vm": 0.027530619477785703}}, "Klassik/Biedermeier": {"scores": {"ari": 0.20197400012222905, "vm": 0.10617025168643897}}, "Klassik/Realismus": {"scores": {"ari": 0.042497733848012954, "vm": 0.06879657392612883}}, "Klassik/Naturalismus": {"scores": {"ari": 0.12189252462075253, "vm": 0.13254208282338792}}, "Klassik/Expressionismus": {"scores": {"ari": 0.13385055923403053, "vm": 0.22812667355175384}}, "Romantik/Biedermeier": {"scores": {"ari": 0.021002751829411137, "vm": 0.03740000085815836}}, "Romantik/Realismus": {"scores": {"ari": 0.14683411255497106, "vm": 0.054453896086340804}}, "Romantik/Naturalismus": {"scores": {"ari": 0.19530464334015335, "vm": 0.24849246266151143}}, "Romantik/Expressionismus": {"scores": {"ari": 0.5620178041543027, "vm": 0.5520069821233107}}, "Biedermeier/Realismus": {"scores": {"ari": 0.04615479927308769, "vm": 0.039541757687628194}}, "Biedermeier/Naturalismus": {"scores": {"ari": 0.20675346037739378, "vm": 0.20951965800191927}}, "Biedermeier/Expressionismus": {"scores": {"ari": 0.5581586518701193, "vm": 0.5034713476057096}}, "Realismus/Naturalismus": {"scores": {"ari": 0.08020096468460586, "vm": 0.04471036970049472}}, "Realismus/Expressionismus": {"scores": {"ari": 0.08893608804788572, "vm": 0.04192664256643717}}, "Naturalismus/Expressionismus": {"scores": {"ari": 0.06049590364060549, "vm": 0.045437815117019484}}}