{"Barock/Aufkl\u00e4rung": {"scores": {"ari": 0.4088522564472593, "vm": 0.36278967890027697}}, "Barock/Klassik": {"scores": {"ari": -0.036017982853558256, "vm": 0.07980563059664367}}, "Barock/Romantik": {"scores": {"ari": 0.6569154635866252, "vm": 0.6229519533164216}}, "Barock/Biedermeier": {"scores": {"ari": 0.5157949249093734, "vm": 0.5147046411348088}}, "Barock/Realismus": {"scores": {"ari": 0.8618029534934979, "vm": 0.8067691740241013}}, "Barock/Naturalismus": {"scores": {"ari": 0.8383060635226179, "vm": 0.7690622814853212}}}