{"Fr\u00fchbarock/Hochbarock": {"scores": {"ari": 0.6922589062443374, "vm": 0.6478253235290539}}, "Fr\u00fchbarock/Aufkl\u00e4rung": {"scores": {"ari": 0.9321563464124122, "vm": 0.872492893444919}}, "Fr\u00fchbarock/Klassik": {"scores": {"ari": 1.0, "vm": 1.0}}, "Fr\u00fchbarock/Romantik": {"scores": {"ari": 1.0, "vm": 1.0}}, "Fr\u00fchbarock/Biedermeier": {"scores": {"ari": 1.0, "vm": 1.0}}, "Fr\u00fchbarock/Realismus": {"scores": {"ari": 1.0, "vm": 1.0}}, "Fr\u00fchbarock/Naturalismus": {"scores": {"ari": 0.8665291223615299, "vm": 0.8214296888424341}}, "Fr\u00fchbarock/Expressionismus": {"scores": {"ari": 1.0, "vm": 1.0}}, "Hochbarock/Aufkl\u00e4rung": {"scores": {"ari": 0.26870379628113983, "vm": 0.26998717272011613}}, "Hochbarock/Klassik": {"scores": {"ari": 0.7153733875103554, "vm": 0.6177855880564643}}, "Hochbarock/Romantik": {"scores": {"ari": 0.8183036174379058, "vm": 0.7731362955589165}}, "Hochbarock/Biedermeier": {"scores": {"ari": 0.8298969072164949, "vm": 0.7835639993750275}}, "Hochbarock/Realismus": {"scores": {"ari": 0.843277734243815, "vm": 0.794593147192584}}, "Hochbarock/Naturalismus": {"scores": {"ari": 0.800297183314031, "vm": 0.7547921696532923}}, "Hochbarock/Expressionismus": {"scores": {"ari": 0.8887633307436966, "vm": 0.8379113250868575}}, "Aufkl\u00e4rung/Romantik": {"scores": {"ari": -0.03218760777100808, "vm": 0.1896203458733884}}, "Aufkl\u00e4rung/Biedermeier": {"scores": {"ari": 0.703397621134939, "vm": 0.6550427442669821}}, "Aufkl\u00e4rung/Realismus": {"scores": {"ari": 0.806891860326272, "vm": 0.7503602706486766}}, "Aufkl\u00e4rung/Naturalismus": {"scores": {"ari": 0.8737447327371132, "vm": 0.7974234855986003}}, "Aufkl\u00e4rung/Expressionismus": {"scores": {"ari": 1.0, "vm": 1.0}}, "Klassik/Romantik": {"scores": {"ari": 0.005493040371180354, "vm": 0.01580472579544165}}, "Klassik/Biedermeier": {"scores": {"ari": -0.0004986418570472693, "vm": 0.0013613283196657318}}, "Klassik/Realismus": {"scores": {"ari": 0.07518776715524324, "vm": 0.048138629386908244}}, "Klassik/Naturalismus": {"scores": {"ari": 0.31044776119402984, "vm": 0.2719476171005619}}, "Klassik/Expressionismus": {"scores": {"ari": 1.0, "vm": 1.0}}, "Romantik/Biedermeier": {"scores": {"ari": 0.0705231891303708, "vm": 0.08449614119670719}}, "Romantik/Realismus": {"scores": {"ari": 0.01573544462814434, "vm": 0.02335271544518418}}, "Romantik/Naturalismus": {"scores": {"ari": 0.5934664246823956, "vm": 0.5135847341566907}}, "Romantik/Expressionismus": {"scores": {"ari": 0.5608077099586967, "vm": 0.5713374383941167}}, "Biedermeier/Realismus": {"scores": {"ari": -0.00800708928062779, "vm": 0.08419176761572192}}, "Biedermeier/Naturalismus": {"scores": {"ari": 0.21712424586867188, "vm": 0.2615069894814531}}, "Biedermeier/Expressionismus": {"scores": {"ari": 0.8887633307436966, "vm": 0.8379113250868575}}, "Realismus/Naturalismus": {"scores": {"ari": 0.013539164219829727, "vm": 0.12886393662843637}}, "Realismus/Expressionismus": {"scores": {"ari": 0.6199524940617577, "vm": 0.5715346626197646}}}