{"Fr\u00fchbarock/Hochbarock": {"scores": {"ari": -0.02031252816177932, "vm": 0.0029743258279454027}}, "Fr\u00fchbarock/Aufkl\u00e4rung": {"scores": {"ari": 0.29370164261527554, "vm": 0.35566719269025476}}, "Fr\u00fchbarock/Klassik": {"scores": {"ari": 0.8708692029991669, "vm": 0.8253555672890204}}, "Fr\u00fchbarock/Romantik": {"scores": {"ari": 0.025204788909892695, "vm": 0.06600136823862839}}, "Fr\u00fchbarock/Biedermeier": {"scores": {"ari": 1.0, "vm": 1.0}}, "Fr\u00fchbarock/Realismus": {"scores": {"ari": -0.023294509151414303, "vm": 0.027346589261900364}}, "Fr\u00fchbarock/Naturalismus": {"scores": {"ari": 1.0, "vm": 1.0}}, "Fr\u00fchbarock/Expressionismus": {"scores": {"ari": 1.0, "vm": 1.0}}, "Hochbarock/Aufkl\u00e4rung": {"scores": {"ari": 0.1910329563601386, "vm": 0.19767097687905286}}, "Hochbarock/Klassik": {"scores": {"ari": 0.899996055071206, "vm": 0.85446102048737}}, "Hochbarock/Romantik": {"scores": {"ari": 0.9069359991755127, "vm": 0.863285058232484}}, "Hochbarock/Biedermeier": {"scores": {"ari": 0.9130042531254028, "vm": 0.870220135553578}}, "Hochbarock/Realismus": {"scores": {"ari": 0.8432351153341652, "vm": 0.7567767435191095}}, "Hochbarock/Naturalismus": {"scores": {"ari": 0.8974424347496703, "vm": 0.8509457078688777}}, "Hochbarock/Expressionismus": {"scores": {"ari": 0.7841269841269841, "vm": 0.7357077166370196}}, "Aufkl\u00e4rung/Klassik": {"scores": {"ari": -0.05729826832298577, "vm": 0.1673898582523638}}, "Aufkl\u00e4rung/Romantik": {"scores": {"ari": 0.17114456829146568, "vm": 0.2034396927935525}}, "Aufkl\u00e4rung/Biedermeier": {"scores": {"ari": 0.09785003418673557, "vm": 0.2766685504884765}}, "Aufkl\u00e4rung/Realismus": {"scores": {"ari": 0.6762731273576432, "vm": 0.640730275202947}}, "Aufkl\u00e4rung/Naturalismus": {"scores": {"ari": -0.019795358790878008, "vm": 0.012491491441457064}}, "Aufkl\u00e4rung/Expressionismus": {"scores": {"ari": 0.9294022393807144, "vm": 0.8671915992844819}}, "Klassik/Realismus": {"scores": {"ari": 0.005387501546158088, "vm": 0.002968032790352258}}, "Klassik/Naturalismus": {"scores": {"ari": 0.08312284730195177, "vm": 0.0872651975089693}}, "Klassik/Expressionismus": {"scores": {"ari": 0.26203597357301667, "vm": 0.2437392852341858}}, "Romantik/Biedermeier": {"scores": {"ari": 0.020612181799443446, "vm": 0.03156347527826653}}, "Romantik/Realismus": {"scores": {"ari": 0.05644457375618281, "vm": 0.062460292105324625}}, "Romantik/Naturalismus": {"scores": {"ari": 0.28856624319419233, "vm": 0.2409373147792201}}, "Romantik/Expressionismus": {"scores": {"ari": 0.6591300355790198, "vm": 0.5587925311312624}}, "Biedermeier/Realismus": {"scores": {"ari": -0.005932421975754553, "vm": 0.03171999254500999}}, "Biedermeier/Naturalismus": {"scores": {"ari": 0.2161247255032137, "vm": 0.17760443346190122}}, "Biedermeier/Expressionismus": {"scores": {"ari": 0.7827255667697925, "vm": 0.7253969471480305}}, "Realismus/Expressionismus": {"scores": {"ari": 0.024960998439937654, "vm": 0.23708694091174096}}, "Naturalismus/Expressionismus": {"scores": {"ari": 0.024512183283176423, "vm": 0.038283371641473635}}}