{"Barock/Fr\u00fchaufkl\u00e4rung": {"ars": -0.041135764000770784, "vm": 0.04474720584001491}, "Barock/Aufkl\u00e4rung": {"ars": 0.0031136795151328746, "vm": 0.05879317587120638}, "Barock/Biedermeier": {"ars": 0.022688892407461643, "vm": 0.06416285040327512}, "Barock/Realismus": {"ars": 0.007880797214075258, "vm": 0.060079825811582964}, "Barock/Moderne": {"ars": -0.06847447641313543, "vm": 0.028012718819848872}, "Barock/Weimarer_Republik": {"ars": -0.0009353383734478242, "vm": 0.0002825809509202567}, "Fr\u00fchaufkl\u00e4rung/Aufkl\u00e4rung": {"ars": 0.21916987498527643, "vm": 0.1233988922325213}, "Fr\u00fchaufkl\u00e4rung/Biedermeier": {"ars": 0.42778583867057207, "vm": 0.3537316455317829}, "Fr\u00fchaufkl\u00e4rung/Realismus": {"ars": 0.39780065612149274, "vm": 0.3542732594540515}, "Fr\u00fchaufkl\u00e4rung/Moderne": {"ars": -0.02208283228186506, "vm": 0.18382376375912157}, "Fr\u00fchaufkl\u00e4rung/Weimarer_Republik": {"ars": -0.0007045675877637544, "vm": 0.0016959252998497822}, "Aufkl\u00e4rung/Biedermeier": {"ars": 0.02736047130364983, "vm": 0.01352311241134856}, "Aufkl\u00e4rung/Realismus": {"ars": 0.025454398408696923, "vm": 0.019210385514192737}, "Aufkl\u00e4rung/Moderne": {"ars": -0.06031762087424373, "vm": 0.059248332032316046}, "Aufkl\u00e4rung/Weimarer_Republik": {"ars": 0.0001846151049133749, "vm": 6.752595430558574e-05}, "Biedermeier/Realismus": {"ars": 0.01804607795154235, "vm": 0.010229487875044687}, "Biedermeier/Moderne": {"ars": -0.02121913587715091, "vm": 0.011692014317532144}, "Biedermeier/Weimarer_Republik": {"ars": -0.0007459331193681996, "vm": 0.0001467485555760313}, "Realismus/Moderne": {"ars": -0.025880594814085466, "vm": 0.011649309550904943}, "Realismus/Weimarer_Republik": {"ars": 0.00022176770869470982, "vm": 8.15289094421496e-05}, "Moderne/Weimarer_Republik": {"ars": 0.001651014705702734, "vm": 0.0005977588965443474}, "Moderne/Realismus": {"ari": -0.028083585799699957, "vm": 0.007552415382350128}}