{"Barock/Fr\u00fchaufkl\u00e4rung": 0.15961869375584117, "Barock/Aufkl\u00e4rung": 0.0979064254424893, "Barock/Biedermeier": 0.02671901910644907, "Barock/Realismus": 0.10651751715556944, "Barock/Moderne": 0.06921780548434266, "Fr\u00fchaufkl\u00e4rung/Aufkl\u00e4rung": 0.02362030927536111, "Fr\u00fchaufkl\u00e4rung/Biedermeier": 0.09407311790639888, "Fr\u00fchaufkl\u00e4rung/Realismus": 0.08604933272006654, "Fr\u00fchaufkl\u00e4rung/Moderne": -0.029908051871772347, "Aufkl\u00e4rung/Biedermeier": 0.027929348491570423, "Aufkl\u00e4rung/Realismus": 0.005266605478795281, "Aufkl\u00e4rung/Moderne": -0.025330860912312157, "Biedermeier/Realismus": 0.013486148595986862, "Biedermeier/Moderne": 0.010439037703926039}