{"Barock/Fr\u00fchaufkl\u00e4rung": {"ars": -0.01925795030492615, "vm": 0.00417660146321748}, "Barock/Aufkl\u00e4rung": {"ars": 0.25021302404053025, "vm": 0.23531082324888736}, "Barock/Biedermeier": {"ars": 0.039067642948952826, "vm": 0.05790397953082079}, "Barock/Realismus": {"ars": 0.5177579740913548, "vm": 0.43918821065178815}, "Barock/Moderne": {"ars": -0.06542316520099359, "vm": 0.022023755119085983}, "Barock/Weimarer_Republik": {"ars": -0.0006833019815403173, "vm": 0.0005098456023614183}, "Fr\u00fchaufkl\u00e4rung/Aufkl\u00e4rung": {"ars": 0.2152675643941667, "vm": 0.18858741681952554}, "Fr\u00fchaufkl\u00e4rung/Biedermeier": {"ars": 0.2686135546591837, "vm": 0.2245007593544656}, "Fr\u00fchaufkl\u00e4rung/Realismus": {"ars": 0.5844716580794012, "vm": 0.4574518605357422}, "Fr\u00fchaufkl\u00e4rung/Moderne": {"ars": -0.04455923705603375, "vm": 0.014667422692456215}, "Fr\u00fchaufkl\u00e4rung/Weimarer_Republik": {"ars": -0.0005074963204797046, "vm": 8.770410013065148e-05}, "Aufkl\u00e4rung/Biedermeier": {"ars": 0.001998511996051375, "vm": 0.0015235565312451199}, "Aufkl\u00e4rung/Realismus": {"ars": 0.027870679738283017, "vm": 0.019618422433213344}, "Aufkl\u00e4rung/Moderne": {"ars": 0.01353062836521277, "vm": 0.012848524069474803}, "Aufkl\u00e4rung/Weimarer_Republik": {"ars": -5.1942086805281616e-05, "vm": 3.925493178996539e-05}, "Biedermeier/Realismus": {"ars": 0.03453367241285907, "vm": 0.02805332281935647}, "Biedermeier/Moderne": {"ars": 0.0016836828254827019, "vm": 0.0002804644626828213}, "Biedermeier/Weimarer_Republik": {"ars": -4.2741472857125014e-05, "vm": 2.247018494735717e-05}, "Realismus/Moderne": {"ars": 0.006555357336492009, "vm": 0.01666683661418959}, "Realismus/Weimarer_Republik": {"ars": -9.05274698349222e-05, "vm": 0.00027011040654884136}, "Moderne/Weimarer_Republik": {"ars": 0.0003945654734348774, "vm": 0.0025586384830796863}, "Moderne/Realismus": {"ari": -0.0354811377643602, "vm": 0.011895576735851846}}