{"Barock/Fr\u00fchaufkl\u00e4rung": {"ars": 0.16515122608781213, "vm": 0.08241671038835774}, "Barock/Aufkl\u00e4rung": {"ars": 0.10557746037931252, "vm": 0.08606724654574796}, "Barock/Biedermeier": {"ars": 0.020689580194494604, "vm": 0.03413093443509583}, "Barock/Realismus": {"ars": 0.05462013290437807, "vm": 0.05048764175376302}, "Barock/Moderne": {"ars": 0.04069928255169274, "vm": 0.006755084904716851}, "Barock/Weimarer_Republik": {"ars": 0.0005304814909936898, "vm": 0.00020008818959105492}, "Fr\u00fchaufkl\u00e4rung/Aufkl\u00e4rung": {"ars": 0.03711712176195325, "vm": 0.01077692567286167}, "Fr\u00fchaufkl\u00e4rung/Biedermeier": {"ars": 0.08559722682756304, "vm": 0.03252250161483257}}