{"Fr\u00fchbarock/Hochbarock": {"scores": {"ari": 0.05215646940822464, "vm": 0.05237610551744656}}, "Fr\u00fchbarock/Aufkl\u00e4rung": {"scores": {"ari": 0.8280198888563908, "vm": 0.7461232854816618}}, "Fr\u00fchbarock/Klassik": {"scores": {"ari": -0.05816831683168315, "vm": 0.014322825569384662}}, "Fr\u00fchbarock/Romantik": {"scores": {"ari": 0.4629198536747589, "vm": 0.5153548147829218}}, "Fr\u00fchbarock/Biedermeier": {"scores": {"ari": 0.6027060270602707, "vm": 0.6033115432623924}}, "Fr\u00fchbarock/Realismus": {"scores": {"ari": 0.8092643051771117, "vm": 0.7681992814022529}}, "Fr\u00fchbarock/Naturalismus": {"scores": {"ari": 0.6673553719008265, "vm": 0.5733193375104657}}, "Fr\u00fchbarock/Expressionismus": {"scores": {"ari": 0.026217228464419554, "vm": 0.1315574934768067}}, "Hochbarock/Aufkl\u00e4rung": {"scores": {"ari": 0.38562596599690885, "vm": 0.3591285591583319}}, "Hochbarock/Klassik": {"scores": {"ari": 0.6678336980306345, "vm": 0.6343932987924382}}, "Hochbarock/Romantik": {"scores": {"ari": 1.0, "vm": 1.0}}, "Hochbarock/Biedermeier": {"scores": {"ari": 1.0, "vm": 1.0}}, "Hochbarock/Realismus": {"scores": {"ari": 1.0, "vm": 1.0}}, "Hochbarock/Naturalismus": {"scores": {"ari": 0.8518650780768107, "vm": 0.8015281596043065}}, "Hochbarock/Expressionismus": {"scores": {"ari": -0.06249999999999949, "vm": 0.016444213790023584}}, "Aufkl\u00e4rung/Klassik": {"scores": {"ari": 0.1305456399796022, "vm": 0.24072666670217266}}, "Aufkl\u00e4rung/Romantik": {"scores": {"ari": 0.34370304921822487, "vm": 0.36852391521214345}}, "Aufkl\u00e4rung/Biedermeier": {"scores": {"ari": 0.04640489546149917, "vm": 0.1963871945229765}}, "Aufkl\u00e4rung/Realismus": {"scores": {"ari": 0.0894461370205452, "vm": 0.1418072830196529}}, "Aufkl\u00e4rung/Naturalismus": {"scores": {"ari": 0.7534246575342466, "vm": 0.6793069313158402}}, "Aufkl\u00e4rung/Expressionismus": {"scores": {"ari": -0.025390624999999886, "vm": 0.027957265351565244}}, "Klassik/Romantik": {"scores": {"ari": -0.05527638190954767, "vm": 0.0012757240628761303}}, "Klassik/Biedermeier": {"scores": {"ari": 0.04567699836867862, "vm": 0.2011877019617324}}, "Klassik/Realismus": {"scores": {"ari": -0.05, "vm": 0.01990441871511728}}, "Klassik/Naturalismus": {"scores": {"ari": -0.05481317558941185, "vm": 0.11617623019786923}}, "Klassik/Expressionismus": {"scores": {"ari": -0.14285714285714285, "vm": 0.04755786045881477}}, "Romantik/Biedermeier": {"scores": {"ari": -0.03194103194103196, "vm": 0.0006326443820435195}}, "Romantik/Realismus": {"scores": {"ari": -0.013245033112582735, "vm": 0.08532576445190562}}, "Romantik/Naturalismus": {"scores": {"ari": 0.18058598028477543, "vm": 0.20936496946004038}}, "Romantik/Expressionismus": {"scores": {"ari": -0.12500000000000014, "vm": 0.03991973790042789}}, "Biedermeier/Realismus": {"scores": {"ari": -0.028112449799196786, "vm": 0.08176121203311315}}, "Biedermeier/Naturalismus": {"scores": {"ari": -0.04046242774566478, "vm": 0.06432352912352948}}, "Biedermeier/Expressionismus": {"scores": {"ari": 1.0, "vm": 1.0}}, "Realismus/Naturalismus": {"scores": {"ari": 0.04168052322358942, "vm": 0.06113213500305001}}, "Realismus/Expressionismus": {"scores": {"ari": -0.11111111111111122, "vm": 0.03424998552388706}}, "Naturalismus/Expressionismus": {"scores": {"ari": -0.09090909090909119, "vm": 0.02644796190444149}}}