{"Barock/Aufkl\u00e4rung": {"scores": {"ari": 1.0, "vm": 1.0}}, "Fr\u00fchbarock/Hochbarock": {"scores": {"ari": 0.6011107481215289, "vm": 0.5729185803722884}}, "Fr\u00fchbarock/Aufkl\u00e4rung": {"scores": {"ari": 0.8644442369346655, "vm": 0.7822839932706165}}, "Fr\u00fchbarock/Klassik": {"scores": {"ari": 0.7506518000776613, "vm": 0.7112940831997473}}, "Fr\u00fchbarock/Romantik": {"scores": {"ari": 0.8823473337019313, "vm": 0.8330231394031923}}, "Fr\u00fchbarock/Biedermeier": {"scores": {"ari": 0.8916662148240525, "vm": 0.8401020800504398}}, "Fr\u00fchbarock/Realismus": {"scores": {"ari": 0.9015771659024894, "vm": 0.8475598040339737}}, "Fr\u00fchbarock/Naturalismus": {"scores": {"ari": 0.8666025146192646, "vm": 0.820488893741034}}, "Fr\u00fchbarock/Expressionismus": {"scores": {"ari": 0.8516483516483516, "vm": 0.8073184614344784}}, "Hochbarock/Aufkl\u00e4rung": {"scores": {"ari": 0.2669222115621993, "vm": 0.21889072955355882}}, "Hochbarock/Klassik": {"scores": {"ari": 0.7153659017686895, "vm": 0.6843628400956293}}, "Hochbarock/Romantik": {"scores": {"ari": 0.7341250368043969, "vm": 0.7001445470126618}}, "Hochbarock/Biedermeier": {"scores": {"ari": 0.005609382967873433, "vm": 0.03027617690561727}}, "Hochbarock/Realismus": {"scores": {"ari": 0.769777661668797, "vm": 0.6751871364622591}}, "Hochbarock/Naturalismus": {"scores": {"ari": 0.708520604025379, "vm": 0.6091066052350268}}, "Hochbarock/Expressionismus": {"scores": {"ari": 0.7841269841269841, "vm": 0.7357077166370196}}, "Aufkl\u00e4rung/Klassik": {"scores": {"ari": -0.05729826832298577, "vm": 0.1673898582523638}}, "Aufkl\u00e4rung/Romantik": {"scores": {"ari": -0.03218760777100808, "vm": 0.1896203458733884}}, "Aufkl\u00e4rung/Biedermeier": {"scores": {"ari": -0.015896162288196736, "vm": 0.20156147956491607}}, "Aufkl\u00e4rung/Realismus": {"scores": {"ari": 0.011985006833395847, "vm": 0.15625885202227383}}, "Aufkl\u00e4rung/Naturalismus": {"scores": {"ari": -0.0252929653939997, "vm": 0.18813327465499968}}, "Aufkl\u00e4rung/Expressionismus": {"scores": {"ari": -0.035829710060684875, "vm": 0.16961927634841606}}, "Klassik/Romantik": {"scores": {"ari": 0.04048322147651008, "vm": 0.05274522344712141}}, "Klassik/Biedermeier": {"scores": {"ari": -0.025539887585050762, "vm": 0.0011450025714040911}}, "Klassik/Realismus": {"scores": {"ari": -0.02415303333288599, "vm": 0.002233971492211786}}, "Klassik/Naturalismus": {"scores": {"ari": 0.022333637192342746, "vm": 0.05891560836381065}}, "Klassik/Expressionismus": {"scores": {"ari": 0.020556227327690565, "vm": 0.06895510804971985}}, "Romantik/Biedermeier": {"scores": {"ari": -0.014814058030240988, "vm": 0.0009229328088152424}}, "Romantik/Realismus": {"scores": {"ari": 0.01516910694408769, "vm": 0.01434014001892638}}, "Romantik/Naturalismus": {"scores": {"ari": 0.18018018018018025, "vm": 0.2752175253430433}}, "Romantik/Expressionismus": {"scores": {"ari": -0.030057803468208077, "vm": 0.15425927450071353}}, "Biedermeier/Realismus": {"scores": {"ari": -0.002149934197785861, "vm": 0.00031188226874532323}}, "Biedermeier/Naturalismus": {"scores": {"ari": -0.00949265648676997, "vm": 0.020570966823469265}}, "Biedermeier/Expressionismus": {"scores": {"ari": 0.6853591355321703, "vm": 0.5771235211852513}}, "Realismus/Naturalismus": {"scores": {"ari": -0.033196539992982374, "vm": 0.05261378897631091}}, "Realismus/Expressionismus": {"scores": {"ari": -0.07431340872374805, "vm": 0.12372166498179964}}, "Naturalismus/Expressionismus": {"scores": {"ari": 0.015968063872255554, "vm": 0.06786319645044073}}}