{"Barock/Aufkl\u00e4rung": {"scores": {"ari": 0.36901937922161465, "vm": 0.3075456440674251}}, "Barock/Klassik": {"scores": {"ari": 0.7115981897240217, "vm": 0.6785204904022237}}, "Barock/Romantik": {"scores": {"ari": 0.7156523859382395, "vm": 0.6822373725198808}}, "Barock/Biedermeier": {"scores": {"ari": 0.7115757945532198, "vm": 0.6248081845550487}}, "Barock/Realismus": {"scores": {"ari": 0.6860757771580165, "vm": 0.5878184543401218}}, "Barock/Naturalismus": {"scores": {"ari": 0.6091423466349017, "vm": 0.5190078540219139}}, "Barock/Expressionismus": {"scores": {"ari": 0.7736943907156673, "vm": 0.708368571637276}}, "Aufkl\u00e4rung/Klassik": {"scores": {"ari": 0.004624277456647392, "vm": 0.2141897501575761}}, "Aufkl\u00e4rung/Romantik": {"scores": {"ari": 0.1636173527622951, "vm": 0.31822786875974207}}, "Aufkl\u00e4rung/Biedermeier": {"scores": {"ari": -0.012345679012345716, "vm": 0.014030874568074208}}, "Aufkl\u00e4rung/Realismus": {"scores": {"ari": 0.11587772545390214, "vm": 0.28701706196610033}}, "Aufkl\u00e4rung/Naturalismus": {"scores": {"ari": 0.1957177008626961, "vm": 0.31729998308630897}}, "Aufkl\u00e4rung/Expressionismus": {"scores": {"ari": -0.01923491099212042, "vm": 0.18208479904853037}}, "Klassik/Romantik": {"scores": {"ari": 0.0013485527139623149, "vm": 0.033452314833023654}}, "Klassik/Biedermeier": {"scores": {"ari": 0.05416754146546292, "vm": 0.07700707320990599}}, "Klassik/Realismus": {"scores": {"ari": -0.006921825655325732, "vm": 0.0033450618179338043}}, "Klassik/Naturalismus": {"scores": {"ari": 0.293162958067122, "vm": 0.273875837039595}}, "Klassik/Expressionismus": {"scores": {"ari": 0.6320194057004246, "vm": 0.5866192568975545}}, "Romantik/Biedermeier": {"scores": {"ari": -0.002555818102907934, "vm": 1.4692556298748627e-05}}, "Romantik/Realismus": {"scores": {"ari": 0.005858542820621994, "vm": 0.0334256071177993}}, "Romantik/Naturalismus": {"scores": {"ari": 0.0692027519222987, "vm": 0.1716484626059147}}, "Romantik/Expressionismus": {"scores": {"ari": 0.0980935310412253, "vm": 0.13222561043760933}}, "Biedermeier/Realismus": {"scores": {"ari": -0.006921825655325732, "vm": 0.0033450618179338043}}, "Biedermeier/Naturalismus": {"scores": {"ari": -0.022532906968096938, "vm": 0.009941985493864533}}, "Biedermeier/Expressionismus": {"scores": {"ari": 0.559297742744536, "vm": 0.44190439973893014}}, "Realismus/Naturalismus": {"scores": {"ari": -0.04334712772673085, "vm": 0.06094301079114969}}, "Realismus/Expressionismus": {"scores": {"ari": -0.024151080443072473, "vm": 0.02140949346582833}}, "Naturalismus/Expressionismus": {"scores": {"ari": -0.020724385047453067, "vm": 0.0009516364142277202}}}