{"Fr\u00fchbarock/Hochbarock": {"scores": {"ari": 0.06334180775680202, "vm": 0.09176950429841176}}, "Fr\u00fchbarock/Aufkl\u00e4rung": {"scores": {"ari": 0.26285907599982355, "vm": 0.3385973357931001}}, "Fr\u00fchbarock/Klassik": {"scores": {"ari": 0.7506518000776613, "vm": 0.7112940831997473}}, "Fr\u00fchbarock/Romantik": {"scores": {"ari": 1.0, "vm": 1.0}}, "Fr\u00fchbarock/Biedermeier": {"scores": {"ari": 1.0, "vm": 1.0}}, "Fr\u00fchbarock/Realismus": {"scores": {"ari": 1.0, "vm": 1.0}}, "Fr\u00fchbarock/Naturalismus": {"scores": {"ari": 0.8665291223615299, "vm": 0.8214296888424341}}, "Fr\u00fchbarock/Expressionismus": {"scores": {"ari": 1.0, "vm": 1.0}}, "Hochbarock/Aufkl\u00e4rung": {"scores": {"ari": 0.6074946645704694, "vm": 0.4645181715077233}}, "Hochbarock/Klassik": {"scores": {"ari": 0.5512643496784883, "vm": 0.5650781431800356}}, "Hochbarock/Romantik": {"scores": {"ari": 0.8183036174379058, "vm": 0.7731362955589165}}, "Hochbarock/Biedermeier": {"scores": {"ari": 0.8298969072164949, "vm": 0.7835639993750275}}, "Hochbarock/Realismus": {"scores": {"ari": 0.843277734243815, "vm": 0.794593147192584}}, "Hochbarock/Naturalismus": {"scores": {"ari": 0.800297183314031, "vm": 0.7547921696532923}}, "Hochbarock/Expressionismus": {"scores": {"ari": 0.7841269841269841, "vm": 0.7357077166370196}}, "Aufkl\u00e4rung/Klassik": {"scores": {"ari": -0.046299344566486, "vm": 0.1758975949677238}}, "Aufkl\u00e4rung/Romantik": {"scores": {"ari": 0.22055405621041085, "vm": 0.3396548095029358}}, "Aufkl\u00e4rung/Biedermeier": {"scores": {"ari": 0.04226831189288524, "vm": 0.24254872563920402}}, "Aufkl\u00e4rung/Realismus": {"scores": {"ari": -0.004426628630450185, "vm": 0.205141630947162}}, "Aufkl\u00e4rung/Naturalismus": {"scores": {"ari": -0.03835419619253452, "vm": 0.17935822369269513}}, "Aufkl\u00e4rung/Expressionismus": {"scores": {"ari": 0.8670192670948244, "vm": 0.7885198526520368}}, "Klassik/Romantik": {"scores": {"ari": -0.027610849439662098, "vm": 0.0006221395972494172}}, "Klassik/Biedermeier": {"scores": {"ari": -0.0004986418570472693, "vm": 0.0013613283196657318}}, "Klassik/Realismus": {"scores": {"ari": 0.08005043391949354, "vm": 0.06231521907877193}}, "Klassik/Naturalismus": {"scores": {"ari": 0.24190213645761544, "vm": 0.20692628785653017}}, "Klassik/Expressionismus": {"scores": {"ari": 1.0, "vm": 1.0}}, "Romantik/Biedermeier": {"scores": {"ari": 0.04500119957500766, "vm": 0.04673137761084236}}, "Romantik/Realismus": {"scores": {"ari": -0.021259990758013898, "vm": 0.0007090617617205444}}, "Romantik/Naturalismus": {"scores": {"ari": 0.2887096774193549, "vm": 0.23150275745152377}}, "Romantik/Expressionismus": {"scores": {"ari": 0.5608077099586967, "vm": 0.5713374383941167}}, "Biedermeier/Realismus": {"scores": {"ari": -0.01906412478336215, "vm": 0.001164601349790542}}, "Biedermeier/Naturalismus": {"scores": {"ari": 0.1688044927124533, "vm": 0.16264261629361162}}, "Biedermeier/Expressionismus": {"scores": {"ari": 0.7835685921854318, "vm": 0.6755753186951005}}, "Realismus/Naturalismus": {"scores": {"ari": 0.06570098292809104, "vm": 0.16918082792354006}}, "Realismus/Expressionismus": {"scores": {"ari": 0.7134744450180691, "vm": 0.5963485259796143}}, "Naturalismus/Expressionismus": {"scores": {"ari": -0.03536212172730369, "vm": 0.0010619458166385228}}}