{"Barock/Aufkl\u00e4rung": {"scores": {"ari": 0.3264919319199925, "vm": 0.27747003081577654}}, "Barock/Klassik": {"scores": {"ari": -0.10947656517276776, "vm": 0.1124920140075603}}, "Barock/Romantik": {"scores": {"ari": 0.5973141771736327, "vm": 0.5799593492146657}}, "Barock/Biedermeier": {"scores": {"ari": -0.0953106780167666, "vm": 0.10892808515313711}}, "Barock/Realismus": {"scores": {"ari": -0.056615834170395535, "vm": 0.1266297569278927}}, "Barock/Naturalismus": {"scores": {"ari": 0.7641325855493059, "vm": 0.6977629712958003}}, "Barock/Expressionismus": {"scores": {"ari": 0.8208914007989838, "vm": 0.7415689221251446}}}